link,title,company,additional_title,job_desc,include_keyword,exclude_keyword
https://www.jobstreet.co.id/id/job/back-end-developer-4494509?jobId=jobstreet-id-job-4494509&sectionRank=1&token=0~d8abf4bf-2ab3-4bde-9733-f36dfc79e1de&fr=SRP%20View%20In%20New%20Tab,Back End Developer,PT Transindo Data Perkasa,"Bandung
Ditayangkan pada 10-Oct-23","Persyaratan:
Usia 21-35 Tahun
Pendidikan Minimal D3/S1 Teknik Informatika/Sistem Informasi
Menguasai MySQL, Laravel (PHP), Node.js, Firebase, ParseDB
Mampu bekerja dalam tim dan mampu menggunakan Git
Diutamakan bagi yang memiliki pengalaman > 1 tahun
Memiliki portofolio yang bisa dipresentasikan
Penempatan Kota Bandung",sql,-
https://www.jobstreet.co.id/id/job/software-engineer-4491579?jobId=jobstreet-id-job-4491579&sectionRank=2&token=0~d8abf4bf-2ab3-4bde-9733-f36dfc79e1de&fr=SRP%20View%20In%20New%20Tab,Software Engineer,PT DAKSA,"Bandung
Ditayangkan pada 6-Oct-23","Responsibilities
Develop secure, reliable, and scalable system and web or desktop based app for enterprise and financial system.
Working in team work to ensures objectives are achieved in time.
Requirements
Minimum degree in informatics engineering, computer science, information system, or related fields.
Have experience in Java and related technology such as Java EE, Spring, Hibernate.
Have experience in using SQL or NoSQL databases, such as PostgreSQL, Oracle, MongoDB.
Good knowledge of 00P, Design Pattern, and Service Based architecture like Microservice and SOA.
Have experience in using web client technology like HTML, CSS, and Javascript.
Eager to learn and passionate of the latest technology.",sql,-
https://www.jobstreet.co.id/id/job/game-developer-mobile-html5-web-multiplayer-programmer-5551698/origin/my?jobId=jobstreet-my-job-5551698&sectionRank=3&token=0~d8abf4bf-2ab3-4bde-9733-f36dfc79e1de&fr=SRP%20View%20In%20New%20Tab,Game Developer ( Mobile HTML5 / Web / Multiplayer / Programmer ),Impact360 Solutions Sdn Bhd,"Beberapa lokasi kerja
IDR 4.000.000 - IDR 8.000.000
Ditayangkan pada 9-Oct-23","We are hiring remote HTML5 game developers from all parts of Indonesia. If you have real experience building HTML5 games or applications, you're highly encouraged to apply.
Very important notes:
- In your application, please send samples of your past HTML5 related projects. We evaluate all projects very seriously.
- If you have experience doing HTML5 multiplayer or HTML5 3D games, this is a plus point.
- We are only hiring technical game programmers. If you are a sales/product manager/someone of a very senior rank, please do not apply.
- Please apply in English only
Responsibilities:
1) The ideal candidate shall build web and mobile games using cutting edge HTML5 technology.
2) Responsible for developing web and mobile application.
3) To provide maintenance and support of application development.
The candidate should know:
1) responsive web design,
2) how to build lightweight mobile front end applications
3) understand the challenges of designing on the native browsers of Android, iOS and also Desktop browsers (IE, Chrome, Firefox)
Most importantly, we're looking for candidates who fit our company culture, are fast learners, and extremely motivated. Everything else is secondary.
Core requirements:
1) Must have experience in building games, either as school projects or hobby
2) Experience at HTML, HTML5, Javascript and CSS
3) Has built 2D, 3D or multiplayer HTML5 games before, either as side project or real project
4) Strong programming skills. Able to learn new programming languages quickly.
5) Experience developing web apps on mobile devices
6) Ability to communicate in spoken and written English
7) Ability to work independently, in small teams
8) Keen attention to detail, impeccable sense of design. Able to write structured code.
9) Degree or Diploma in Internet/Web Design/Computer Science/Engineering/Multimedia Technology or any related field. If you're from an outside field, but would like to try, we welcome it too.
Bonus points for:
1) Ability to communicate in another foreign language
2) Experience working at a web/digital agency
3) Experience with server side languages
4) Experience working on real HTML5 game projects
5) Knowledge of programming in server side languages (Python/PHP/Ruby).
In your application, please send samples of your past HTML5 related projects or backend systems/applications that you have built. We evaluate all projects very seriously.","python,remote,intern","android,ios"
https://www.jobstreet.co.id/id/job/fullstack-developer-4493823?jobId=jobstreet-id-job-4493823&sectionRank=4&token=0~d8abf4bf-2ab3-4bde-9733-f36dfc79e1de&fr=SRP%20View%20In%20New%20Tab,Fullstack Developer,PT Scada Prima Cipta,"Bandung
Ditayangkan pada 10-Oct-23","Keuntungan :
Tunjangan (Keluarga, kesehatan)
Asuransi (Kesehatan dan Kecelakaan)
Pengembangan Diri (Training dan Pendidikan)
Requirements:
Candidates must possess at least a Diploma degree in Computer Science/Information Technology or equivalent
Fluent in Java programming languages
Proficiency in HTML, CSS, and JavaScript and knowledge of CSS preprocessors
Fluent in Vue.JS, and other modern JavaScript Frameworks (React.JS, Angular.JS, Kendo.UI)
Experience of using MVC Frameworks (Spring, Spring Boot, etc.)
Familiar with SQL or NoSQL
Familiar with Git
Strong grasp of Object-Oriented Programming and Functional Concepts
Up-to-date with the latest technologies and industry trends
Fluent in English – both written and oral communication skills
Eager to learn, have a strong work ethic, and are committed to developing their skills and knowledge in their chosen field",sql,fullstack
https://www.jobstreet.co.id/id/job/it-programmer-mes-system-4495158?jobId=jobstreet-id-job-4495158&sectionRank=5&token=0~d8abf4bf-2ab3-4bde-9733-f36dfc79e1de&fr=SRP%20View%20In%20New%20Tab,IT Programmer MES System,PT Shinwon Indonesia,"Jawa Barat
Ditayangkan pada 11-Oct-23","Menguasai Bahasa Pemrograman Dasar SQL, Oracle, Java, HTML, IoT
Mengerti Algoritma Pemograman
Mampu bekerja individu atau team
Mampu bekerja mencapai target yang ditentukan
Memiliki kemampuan berbahasa Inggris lebih diutamakan
Minimal pengalaman 1-5 tahun dibidangnya
Bersedia ditempatkan di Subang Jawa Barat
Mampu bekerja dibawah tekanan
Memiliki pengalaman mengenai sistem MES dan SmartFactory lebih diutamakan","iot,sql",-
https://www.jobstreet.co.id/id/job/expert-data-scientist-4489067?jobId=jobstreet-id-job-4489067&sectionRank=6&token=0~d8abf4bf-2ab3-4bde-9733-f36dfc79e1de&fr=SRP%20View%20In%20New%20Tab,Expert Data Scientist,PT. NUON DIGITAL INDONESIA,"Jawa Barat
Ditayangkan pada 4-Oct-23","Tanggung Jawab Utama:
Menganalisis data dengan menggunakan teknik-teknik analisis statistik dan machine learning untuk mengidentifikasi tren, pola, dan wawasan bisnis yang relevan.
Mengembangkan model prediksi dan algoritma yang canggih untuk meramalkan perilaku pelanggan, permintaan pasar, dan kinerja produk.
Mengolah dan membersihkan data dari berbagai sumber untuk memastikan kualitas dan keakuratan data yang digunakan dalam analisis.
Berkolaborasi dengan tim lintas disiplin untuk mengidentifikasi tantangan bisnis dan mengusulkan solusi berdasarkan analisis data.
Menerapkan metode visualisasi data yang efektif untuk menyajikan wawasan secara jelas kepada pemangku kepentingan.
Kemampuan yang dibutuhkan:
S1/S2 di bidang Ilmu Komputer, Statistik, Matematika, atau bidang yang relevan.
Pengalaman dalam menerapkan teknik analisis data dan machine learning untuk memecahkan masalah bisnis yang kompleks.
Kemampuan dalam menggunakan bahasa pemrograman seperti Python atau R untuk analisis data dan pengembangan model.
Pengalaman dengan alat-alat analisis data seperti pandas, NumPy, scikit-learn, atau alat-alat sejenis.
Pengetahuan tentang teknik visualisasi data dan alat-alat seperti Matplotlib, Seaborn, atau alat visualisasi lainnya.
Kemampuan komunikasi yang baik untuk menyajikan temuan kompleks secara jelas kepada audiens non-teknis.
Keahlian dalam pengolahan dan analisis big data akan menjadi nilai tambah.
Memiliki pengalaman minimal 3 tahun dibidang data science.",python,-
https://www.jobstreet.co.id/id/job/programmer-1037115402?jobId=jobstreet-id-job-1037115402&sectionRank=7&token=0~d8abf4bf-2ab3-4bde-9733-f36dfc79e1de&fr=SRP%20View%20In%20New%20Tab,Programmer,PT. Jago Talenta Indonesia,"Jawa Barat
Ditayangkan pada 4-Oct-23","Pendidikan terakhir minimal S1 Manajemen Informatika/Teknik Komputer
Bersedia di tempatkan di Bandung
Mampu bekerja di bawah tekanan dan target
Memiliki attitude yang baik dan dapat bekerja sama dengan tim
Menguasai satu bahasa pemrograman, seperti Python, Java, C++, atau JavaScript. Kemampuan untuk memahami dan menggunakan algoritma juga sangat penting.

Persyaratan minimum:
Tersedia jam fleksibel
Diperlukan 2-3 tahun pengalaman kerja yang relevan untuk posisi ini
Pelamar harus memiliki KTP
Tanggal mulai kerja: 10 October 2023
-",python,-
https://www.jobstreet.co.id/id/job/golang-specialist-4496251?jobId=jobstreet-id-job-4496251&sectionRank=8&token=0~d8abf4bf-2ab3-4bde-9733-f36dfc79e1de&fr=SRP%20View%20In%20New%20Tab,Golang Specialist,PT Satu Nol Tujuh,"Bandung
IDR 4.000.000 - IDR 7.000.000
Ditayangkan pada 11-Oct-23","Your responsibilities include:
Develop codes and scripts for applications
Perform application design and programming
Plan and monitor web applications development
Ensure quality of component design and coding activities
The requirements:
Candidates must have at least a S1 degree in related field
Candidates must have good spoken and written English skill
Candidates with good Japanese language skill are preferable
Candidates who are willing to study Japanese are preferable
Candidates must have good skills of Golang
Candidates who are qualified will be offered board position
Excellent organizational, time management and communication skills
Strong interpersonal skills and adaptability
Solution-oriented and high-level programming skills
Honest and hardworking
Ambitious
Able to work under pressure
Must have strong passion for IT
Must have the willingness to improve themselves and keep learning",excel,-
https://www.jobstreet.co.id/id/job/software-developer-api-integration-specialist-4482507?jobId=jobstreet-id-job-4482507&sectionRank=9&token=0~d8abf4bf-2ab3-4bde-9733-f36dfc79e1de&fr=SRP%20View%20In%20New%20Tab,Software Developer - API Integration Specialist,Geekseat,"Beberapa lokasi kerja
Ditayangkan pada 27-Sep-23","Position Overview: 
We are seeking a highly skilled Software Developer with extensive expertise in API-first development frameworks and a deep understanding of API integrations, food delivery APIs. The ideal candidate will play a pivotal role in designing, developing, and maintaining seamless API integrations that enhance platform functionality and user experience. If you are passionate about creating innovative solutions and have a strong background in API-driven development, we invite you to join our dynamic team. 
Key Responsibilities: 
API Integration and Development: Design, develop, and maintain API integrations to connect platforms with external APIs, including Shopify, Uber Eats, Zomato, and Swiggy food delivery services. 
API-first Development: Champion API-first development methodologies, ensuring that APIs are well-documented, scalable, and follow best practices to support current and future needs. 
Technical Expertise: Leverage your extensive knowledge of API development frameworks to create efficient and reliable integrations that meet business requirements and adhere to industry standards. 
Platform Enhancements: Collaborate with cross-functional teams to identify opportunities for API-driven enhancements to our platform. Develop new features and functionalities that enhance user experience and drive business growth. 
Code Quality and Testing: Write clean, maintainable code and conduct thorough testing to ensure the performance, security, and reliability of API integrations. Implement debugging and troubleshooting when necessary. 
Performance Optimisation: Optimise API performance, responsiveness, and data retrieval to ensure seamless and lightning-fast user experiences. 
Third-party API Management: Manage and monitor third-party API integrations, addressing issues, maintaining documentation, and staying updated with changes and updates from API providers. 
Collaboration and Communication: Work closely with designers, product managers, and other developers to align API integrations with overall project goals and timelines. Communicate effectively to gather requirements, provide updates, and address technical challenges. 
Qualifications and Experience: 
Bachelor's degree in Computer Science, Software Engineering, or related field. 
Proven experience as a Software Developer with a strong focus on API-first development and API integrations. 
Extensive knowledge of API development frameworks and best practices. 
Expertise in working with Shopify API, as well as Uber Eats, Zomato, and Swiggy food delivery APIs. 
Proficiency in programming languages such as Python, Node.js, or others relevant to API development. 
Experience with version control systems (e.g., Git), API documentation tools, and testing frameworks. 
Strong problem-solving skills and attention to detail. 
Excellent communication and teamwork abilities. 
Portfolio showcasing API integration projects and technical capabilities. 
Additional Information: 
This is a full-time position based at our Bandung/Bali office. 
Use of the latest Agile Frameworks
Opportunities to work on Large and Small Projects
Collaboration with Multinational Teams
Employee Benefits Schemes 
Flexible and Co-operative Work Culture
Excellent Work-Life Balance
Competitive Salary and BPJS
Private and Group Corporate English Courses","python,excel",-
https://www.jobstreet.co.id/id/job/backend-developer-4477817?jobId=jobstreet-id-job-4477817&sectionRank=10&token=0~d8abf4bf-2ab3-4bde-9733-f36dfc79e1de&fr=SRP%20View%20In%20New%20Tab,Backend Developer,PT Intersolusi Teknologi Asia,"Beberapa lokasi kerja
IDR 4.500.000 - IDR 9.000.000
Ditayangkan pada 22-Sep-23","Responsibilities :
Your duties will include (but will not be limited to):
Performing or directing website updates.
Developing, maintaining and optimizing database driven applications.
Evaluating code to ensure it is valid, properly structured, meets standards and is compatible with browsers, devices or operating systems.
Working under an Agile development methodology.
Requirements :
Should have a good exposure in OOP and API
At least 1 year experience in Backend Development.
Proficient in Java (Spring/Springboot) and/or PHP Laravel and/or ASP.Net and/or Python (Django/Flask) and/or Golang.
Must have experience in developing high end web based software applications in various areas related to SAAS (Software As A Service).
Strong Knowledge in REST API
Experienced in Frontend Development (Angular/React/VueJS) is a plus.
Must be able to work in a fast paced environment.",python,-
https://www.jobstreet.co.id/id/job/junior-programmer-4489425?jobId=jobstreet-id-job-4489425&sectionRank=11&token=0~d8abf4bf-2ab3-4bde-9733-f36dfc79e1de&fr=SRP%20View%20In%20New%20Tab,Junior Programmer,PT Trisco Tailored Apparel Manufacturing,"Bandung
Ditayangkan pada 5-Oct-23","Job Description:
Create programs/applications according to user request.
Maintain existing programs/applications.
Work with technical support regarding the installation of programs/applications on the user's computer.
Ensure the program/application runs smoothly.
Solve problems that occur in the programs/applications.
Requirements:
Have experience in the field of application development, database development, and/or data analysis, Fresh graduates with basic programming skills are welcome to apply.
Required skill(s): .NET, VB, ASP.NET, SQL Server.
Candidate must possess at least High School Diploma/Bachelor's Degree in Engineering (Computer/Telecommunication), Computer Science, Information Technology or equivalent.
Excellent English skills (spoken & written).
Willing to be placed in Bandung.","excel,sql",-
https://www.jobstreet.co.id/id/job/staff-programmer-4488925?jobId=jobstreet-id-job-4488925&sectionRank=12&token=0~d8abf4bf-2ab3-4bde-9733-f36dfc79e1de&fr=SRP%20View%20In%20New%20Tab,Staff Programmer,PT Tirta Utama Abadi,"Bandung
Ditayangkan pada 4-Oct-23","Kualifikasi :
- Usia maksimal 30 tahun
- Pendidikan minimal D3/S1 Ilmu Komputer / Informatika, GPA 2,75
- Berpengalaman sebagai programmer minimal 2 tahun
- Menguasai VB.Net, SQL Server, PHP, Framework Laravel, Javascript
- Mampu membuat program/aplikasi android menjadi nilai plus
- Lokasi penempatan di Bandung
Tanggung Jawab :
Bertangung jawab untuk menganalisa kebutuhan perusahaan dan membuat program/system untuk perusahaan, selain itu juga bertanggung jawab untuk maintenance atas program yang telah dibuat tersebut.",sql,android
https://www.jobstreet.co.id/id/job/software-engineer-1037116287?jobId=jobstreet-id-job-1037116287&sectionRank=13&token=0~d8abf4bf-2ab3-4bde-9733-f36dfc79e1de&fr=SRP%20View%20In%20New%20Tab,Software Engineer,PT Sumber Artho Indoraya,"Jawa Barat
Ditayangkan pada 4-Oct-23","# Deskripsi Pekerjaan:
PT Sumber Artho Indoraya saat ini mencari seorang Software Engineer yang berbakat dan bersemangat untuk bergabung dengan tim pengembangan kami. Sebagai Software Engineer, Anda akan berperan dalam merancang, mengembangkan sistem untuk kebutuhan industri. Anda akan bekerja bersama tim berpengalaman untuk menciptakan solusi yang dapat memudahkan customer dalam memonitor dan control jalannya produksi.
Tanggung Jawab Utama:
- Merancang, mengembangkan, dan menguji sistem instrumentasi berbasis spesifikasi dan kebutuhan proyek.
- Berkolaborasi dengan tim lintas fungsi untuk mengidentifikasi dan memecahkan masalah teknis.
- Memastikan keamanan, kualitas, dan kinerja sistem instrumentasi yang dihasilkan.
- Melakukan pemeliharaan dan pembaruan sistem instrumentasi yang ada.
- Melibatkan diri dalam penelitian teknologi baru dan tren industri.
# Persyaratan:
- Gelar Sarjana dalam Ilmu Komputer, Teknik Perangkat Lunak, atau bidang terkait.
- Pengalaman kerja sebelumnya sebagai Software Engineer atau peran terkait.
- Penguasaan dalam bahasa pemrograman seperti [Contoh: Java, Python, C++].
- Kemampuan analisis, pemecahan masalah, dan pemikiran kreatif yang kuat.
- Keterampilan komunikasi interpersonal yang baik.
- Kemampuan bekerja dalam tim dan berkontribusi dalam lingkungan kerja kolaboratif.
- Pengetahuan tentang praktik pengembangan sistem instrumentasi

Persyaratan minimum:
Tersedia jam fleksibel
Diperlukan 1 tahun pengalaman kerja yang relevan untuk posisi ini
Pelamar harus memiliki KTP
-",python,-
https://www.jobstreet.co.id/id/job/devops-engineer-4493272?jobId=jobstreet-id-job-4493272&sectionRank=14&token=0~d8abf4bf-2ab3-4bde-9733-f36dfc79e1de&fr=SRP%20View%20In%20New%20Tab,DevOps Engineer,PT Distributor Indonesia Unggul,"Bandung
IDR 3.000.000 - IDR 4.500.000
Ditayangkan pada 9-Oct-23","Responsibilities
Build, maintain, and automate system infrastructure that is robust, and cost-efficient, covering critical development processes, and delivering high reliability and best performance possible.
Leverage a 100% AWS driven infrastructure using latest DevOps and Infrastructure as Code frameworks and best practices.
Ensuring systems are secure and compliant with industry best practices.
Performing quick and accurate troubleshooting, diagnostic to the production system.
Assisting with capacity planning and scalability to ensure systems are optimized for continuous growth.
Implementing system automation architecture, infrastructure, and process.
Providing occasional off-shift availability for Production issues or maintenance.
Requirements
3+ years of experiences inDevOps/SRE position, in AWS cloud service environments is a plus
Demonstrated proficiencies in all following:
Linux system administration
Web technologies (Nginx etc.)
Database technologies (MySQL, MongoDB)
Containers technologies (K8S/Docker, orchestration services)
Ability to automate repeated manual tasks with python, shell, utilizing Jenkins etc.
Demonstrated experiences in 
Logging, monitoring and alerting for infrastructure and applications/services.
Fast learner, service attitude, methodical problem solver, strong in analytical and troubleshooting skills
Must be fluent in English, written and spoken
Senior candidates would need to have demonstrated experiences in:
Testing and deploying large scale platforms
Infrastructure as code (Terraform, CloudFormation)","python,sql",-
https://www.jobstreet.co.id/id/job/fullstack-developer-4485791?jobId=jobstreet-id-job-4485791&sectionRank=15&token=0~d8abf4bf-2ab3-4bde-9733-f36dfc79e1de&fr=SRP%20View%20In%20New%20Tab,Fullstack Developer,Geekseat,"Beberapa lokasi kerja
Ditayangkan pada 2-Oct-23","As a Full Stack (Java) Developer you will be responsible for designing, building, maintaining, testing, and debugging our applications technology. You will analyze existing systems to improve and boost performance, document development processes and architecture, and collaborate with our development teams to ensure software solutions are delivered on time, within budget, and to a high standard.
Requirements:
Candidates must possess at least a Diploma degree in Computer Science/Information Technology or equivalent
Strong problem-solving and critical-thinking skills
Good written and verbal communication skills
Write clean, efficient, and well-documented code in accordance with development standards
Fluent in Java programming languages with a minimum of 3 years of experience
Proficiency in HTML, CSS, and JavaScript and knowledge of CSS preprocessors
Preferred 2 years' experience of Vue.JS, and other modern JavaScript Frameworks (React.JS, Angular.JS, Kendo.UI)
Experience of using MVC Frameworks (Spring, Spring Boot, etc.)
Familiar with SQL or NoSQL
Familiar with Git
Strong grasp of Object-Oriented Programming and Functional Concepts
Fluent in English – both written and oral communication skills
Up-to-date with the latest technologies and industry trends
Eager to learn, have a strong work ethic, and are committed to developing their skills and knowledge in their chosen field. 
Nice-to-haves:
Strong experience of or interest in Code Refactoring and Software Design Patterns
Deep knowledge of the Software Development Process
Experience of Agile Development Methodologies
Familiar with TDD or BDD",sql,"fullstack,full stack"
https://www.jobstreet.co.id/id/job/programmer-4480658?jobId=jobstreet-id-job-4480658&sectionRank=16&token=0~d8abf4bf-2ab3-4bde-9733-f36dfc79e1de&fr=SRP%20View%20In%20New%20Tab,Programmer,PT Daese Garmin,"Bandung
Ditayangkan pada 29-Sep-23","Deskripsi Pekerjaan :
Merancang, mengembangkan dan menguji aplikasi dan website
Memastikan semua aplikasi dapat berjalan dengan baik.
Merancang cara penggunaan dalam mengakses aplikasi dan website.
Merancang dan mengembangkan API
Dapat menyelesaikan masalah user
Persyaratan Pekerjaan :
- Lulusan S1 Teknik Informatika/Sistem Informasi.
- Menguasai bahasa pemrograman Web.
- Menguasai SQL dan DBMS, lebih diutamakan yang menguasai PostreSQL.
- Menguasai teknis jaringan.
- Menguasai manajemen server dan virtual server.
Pengalaman dalam mobile app development menjadi nilai tambah
Memiliki kemampuan pengaturan dan pembagian waktu serta komunikasi yang baik. dan mudah beradaptasi",sql,-
https://www.jobstreet.co.id/id/job/software-developer-4481032?jobId=jobstreet-id-job-4481032&sectionRank=17&token=0~d8abf4bf-2ab3-4bde-9733-f36dfc79e1de&fr=SRP%20View%20In%20New%20Tab,Software Developer,Rolling Glory - Creative Digital Enabler,"Beberapa lokasi kerja
IDR 5.000.000 - IDR 8.000.000
Ditayangkan pada 26-Sep-23","Responsibilities :
Collaborate in digital product development with Project Manager, team, and stakeholders.
Analyze, plan, and design software based on requirements and specifications.
Implement software using best practice and conventions.
Test software for compliance with requirements and design.
Deploy software to staging or production servers.
Create comprehensive technical documentation.
Requirements :
Minimum of 3 years of experience in a similar role
Profiency in frontend development (HTML, CSS, Bootsrap, jQuery) and JavaScript frameworks (ReactJS, VueJS, NuxtJS).
Knowledge of backend development (PHP frameworks: Laravel, Yii2, or NodeJS, ExpressJS, NestJS).
Experience in Flutter application development and published apps in Play Store / App Store.
Familiarity with Firebase for backend services and web service integration.
Passion for high-quality creative digital applications.",-,flutter
https://www.jobstreet.co.id/id/job/it-programmer-staff-4475839?jobId=jobstreet-id-job-4475839&sectionRank=18&token=0~d8abf4bf-2ab3-4bde-9733-f36dfc79e1de&fr=SRP%20View%20In%20New%20Tab,IT PROGRAMMER STAFF,PT Multi Wahana Kencana,"Bandung
Ditayangkan pada 24-Sep-23","Deskripsi pekerjaan:
Menerima, memprioritaskan, dan menyelesaikan permintaan bantuan IT.
Instalasi dan software maintenance.
Membuat aplikasi baik itu berbasis web dan mobile (Android).
Mengembangkan aplikasi yang sudah berjalan sesuai dengan permintaan user.
Kualifikasi:
S1 Teknik Informatika / Teknik Komputer
Minimal memiliki pengalaman kerja selama 1 tahun di bidang yang sama
Menguasai Pemrograman Website (HTML, PHP, MySQL, CSS, JavaScript), memahami framework Laravel / CodeIgniter menjadi nilai lebih.
Menguasai Android Studio
Pernah membuat Website dan Aplikasi Android
Menguasai Troubleshooting Komputer dan Jaringan (software)
Mengetahui konsep jaringan",sql,android
https://www.jobstreet.co.id/id/job/back-end-developer-4479426?jobId=jobstreet-id-job-4479426&sectionRank=19&token=0~d8abf4bf-2ab3-4bde-9733-f36dfc79e1de&fr=SRP%20View%20In%20New%20Tab,Back-End Developer,SBM - ITB,"Jawa Barat
IDR 5.000.000 - IDR 6.000.000
Ditayangkan pada 25-Sep-23","Persyaratan:
Pendidikan Minimal D3 Jurusan Teknik Informatika, Sistem Informasi atau bidang terkait
Memiliki pengalaman bekerja minimal 1 tahun sesuai posisi terkait, atau pengerjaan project pengembangan sistem/aplikasi dalam skala perusahaan
Menguasai Bahasa Pemrograman Go Lang
Menguasai Framework Go Lang (Gin)
Memiliki kemampuan merancang Relational Database, manajemen DBMS menggunakan SQL dan Complex Query
Memiliki pemahaman merancang dan implementasi RESTful API
Memiliki kemampuan manajemen server
Memiliki kemampuan menggunakan Code Versioning Tools (GIT)
Memiliki kemampuan dasar PHP (Framework CakePHP), HTML, CSS, dan Javascript sebagai nilai tambah
Memiliki pemahaman mengenai Front-End frame work (Vue.Js) sebagai nilai tambah
Tanggung Jawab:
Perancangan Database
Meningkatkan Struktur Data yang Telah Ada
Merancang alur Aplikasi
Pemrograman dan Testing
Mengatur Keamanan Aplikasi
Mengatasi Permasalahan yang Muncul di Back-End",sql,-
https://www.jobstreet.co.id/id/job/rnd-senior-software-engineer-4476769?jobId=jobstreet-id-job-4476769&sectionRank=20&token=0~d8abf4bf-2ab3-4bde-9733-f36dfc79e1de&fr=SRP%20View%20In%20New%20Tab,RnD Senior Software Engineer,PT Formulatrix Indonesia,"Beberapa lokasi kerja
IDR 15.000.000 - IDR 30.000.000
Ditayangkan pada 21-Sep-23","Headquartered in Dubai, United Arab Emirates, Formulatrix is a fast-growing robotic automation equipment manufacturer and software solutions provider to leading pharmaceutical companies and academic research institutions including major Fortune 500 and Fortune 100 companies. The company has aggressively grown because of our industry-recognized patented technology and superior software delivery services.
We are seeking hands-on, top-notch Software Engineers who are experienced in leading a team, can work with Object-Oriented Programming, and has expertise in C# / C++/ Java to implement components of our software products and robotic control systems. 
Job Description
Understanding best coding practices and designing thoughtful coding patterns.
Analyzing problems and proposing an implementation to solve the issues.
Troubleshooting problems in the field.
Collaborating with peers to deliver high-quality products on time.
Leading and mentoring peers or a more junior position.
Requirements
Candidate must possess at least Bachelor's Degree in Computer Science, Information Technology, Electronic Engineering, or equivalent professional experience in software development.
Have experience with a complete software development life cycle.
Solid experience of at least 4 years in C# / C++/ Java is preferable (the combination of these three is also acceptable).
Demonstrated experience with system architecture review, OOP, and software programming in a team environment.
Good grasp and used best practices in programming.
Committed to writing good quality and high-performance code.
Demonstrated good logical thinking as well as attention to detail.
Proactive, highly motivated, and a strong team player with a good ability to multi-task and re-prioritize as necessary.
Demonstrate leadership, project management, and mentor experience.
Excellent communication skills in English both oral and written.
Applicants must be willing to work onsite in Salatiga or Semarang or Bandung.",excel,-
https://www.jobstreet.co.id/id/job/senior-odoo-developer-4482542?jobId=jobstreet-id-job-4482542&sectionRank=21&token=0~d8abf4bf-2ab3-4bde-9733-f36dfc79e1de&fr=SRP%20View%20In%20New%20Tab,Senior Odoo Developer,PT Sanbe Farma,"Bandung
Ditayangkan pada 27-Sep-23","Syarat Jabatan :
Pendidikan minimal Sarjana Teknik Informatika atau Sistem Informasi dari Universitas Terkemuka
Usia maksimal 40 tahun
Pengalaman minimal 5 tahun dalam membangun, mengembangkan dan mengimplementasikan perangkat lunak aplikasi berbasis Odoo
Menguasai bahasa pemograman Phyton, XML, JavaScript serta menggunakan PostgreSQL 
Memahami dan menguasai Odoo Framework, termasuk ORM (Object Ralation Mapping) dan MVC (Model View Controller)
Mengetahui sistem control versi seperti Git
Menguasai dan memahami bisnis proses dan menerjemahkannya ke dalam perangkat lunak
Memiliki keahlian didalam penyelesaian masalah pada software aplikasi berbasis Odoo
Memiliki komunikasi yang baik untuk menggali dan menganalisa kebutuhan user
Mampu membimbing dan memimpin tim didalam membangun, menyelesaikan dan mengimplementasikan perangkat lunak aplikasi berbasis Odoo
Mampu mengembangkan rencana proyek secara terperinci sesuai deadline untuk memastikan pelaksanaan proyek berhasil
Berpengalaman dalam mengolah data Odoo lebih dari 10 juta data adalah suatu keharusan
Berpengalaman dalam membuat sistem dengan banyak cabang adalah suatu keharusan
Lebih disukai dapat membangun sistem Odoo berbasis Mobile (Android/IOS)
Penempatan di Kota Bandung (Jawa Barat) / On Site",sql,"android,ios"
https://www.jobstreet.co.id/id/job/programmer-1037095814?jobId=jobstreet-id-job-1037095814&sectionRank=22&token=0~d8abf4bf-2ab3-4bde-9733-f36dfc79e1de&fr=SRP%20View%20In%20New%20Tab,Programmer,PT. Prasada Properti Indonesia sebagai rekruter Galeri Ciumbuleuit Group,"Jawa Barat
Ditayangkan pada 2-Oct-23","- Min D3 / S1 Komputer/Teknik Informasi
- Min. 1 tahun pengalaman sebagai Fullstack Programmer
- Mampu mengoperasikan FLUTTER untuk membuat aplikasi android/ios
- Service Oriented
- Familiar dengan POSTGRESQL database

Persyaratan minimum:
Mencari kandidat untuk bekerja pada:
Senin: Pagi
Selasa: Pagi
Rabu: Pagi
Kamis: Pagi
Jum'at: Pagi
Sabtu: Pagi
Diperlukan 1 tahun pengalaman kerja yang relevan untuk posisi ini
Pelamar harus memiliki KTP
Tanggal mulai kerja: 03 November 2023
-",sql,"fullstack,android,ios,flutter"
https://www.jobstreet.co.id/id/job/data-analyst-4475089?jobId=jobstreet-id-job-4475089&sectionRank=23&token=0~d8abf4bf-2ab3-4bde-9733-f36dfc79e1de&fr=SRP%20View%20In%20New%20Tab,Data Analyst,PT Fan Integrasi Teknologi,"Bandung
Ditayangkan pada 20-Sep-23","Responsibilities :
1.  Deliver and maintain operational report
2. Design and implement and manage end to end data pipelines (ETL data streaming and data warehousing) to make data easily accessible for analysis
3. Ensure high data quality and integrity from data sources
4. Identify design and implement internal process improvements automating manual process, optimizing data delivery, re-designing infrastructure for greater scalability.
Requirements :
1. Bachelor Degree in computer science, Information System, or related fields
2.  Minimum 1 year professional working experience in a relevant position
3. Have solid understanding on SQL especially RDBMS-based (PostgreSQL, MySQL, etc.)
4. Experience in working with ETL and at least one of their tools (Pentaho, Talend, SSIS, Informatica, etc.)
5.  Experience in working with BI tools like Tableau / PowerBI
6.  Understand Business Intelligence, Data Warehousing, ETL, and Big Data Concept
7.     Having knowledge Linux and Unix
Experience in some programming language is a plus","sql,analyst,intern",-
https://www.jobstreet.co.id/id/job/web-programmer-bandung-4478633?jobId=jobstreet-id-job-4478633&sectionRank=24&token=0~d8abf4bf-2ab3-4bde-9733-f36dfc79e1de&fr=SRP%20View%20In%20New%20Tab,Web Programmer Bandung,PT Jasamedika Saranatama,"Bandung
Ditayangkan pada 22-Sep-23","Kualifikasi:
Pendidikan D3 atau S1 (Teknik Informatika/Manajemen Informatika/Sistem Informatika/Teknik Komputer)
Memiliki pengalaman minimal selama 2 tahun
Memiliki inisiatif tinggi dan teliti dan mampu berkomunikasi dengan baik
Menguasai Bahasa pemograman PHP
Memiliki pengalaman menggunakan Framework PHP: Laravel
Memiliki pengalaman menggunakan AngularJS
Menguasai Database (Stored Procedure, Function, View, Trigger), menggunakan SQL Server 2008
Menguasai Databse PostgreSQL
Terbiasa dengan mendokumentasikan Code yang dibuat
Diutamakan untuk yang berdomisili di Bandung dan Sekitarnya
Deskripsi Pekerjaan:
Melakukan support aplikasi/ produk yang diimplementasikan, melakukan penambahan–penambahan dalam sebuah aplikasi/ produk sesuai permintaan user, serta melakukan maintainance dan troubleshooting.
Bertanggung jawab terhadap keakuratan pengerjaan customize dan change request sesuai dengan kebutuhan user
Membangun aplikasi sesuai rancangan perencanaan
Melakukan komunikasi dengan Business Process Analyst dalam menerima dara requirement, change request, master data, gap analyst dan informasi lain.
Mengimplementasikan coding stored procedure (Repository, presenter, view dan service) yang diperlukan dalam aplikasi sesuai dengan struktur dan standar penulisan code yang telah ditentukan.","sql,analyst",-
https://www.jobstreet.co.id/id/job/golang-backend-developer-4476274?jobId=jobstreet-id-job-4476274&sectionRank=25&token=0~d8abf4bf-2ab3-4bde-9733-f36dfc79e1de&fr=SRP%20View%20In%20New%20Tab,Golang Backend Developer,PT. Asia Hakarya Abadi,"Bandung
Ditayangkan pada 20-Sep-23","Kualifikasi :
Pendidikan min s1 Teknik Informatika / Sistem Informasi
Memiliki pengalaman minimal 2 tahun sebagai Backend Developer
Mahir menggunakan Golang sebagai Backend
Memahami JS untuk Frontend Development
Detail oriented, fast learner, innovative and communicative
Penempatan di Bandung, Jawa Barat (Hybrid WFH)",wfh,-
https://www.jobstreet.co.id/id/job/golang-developer-4476724?jobId=jobstreet-id-job-4476724&sectionRank=26&token=0~d8abf4bf-2ab3-4bde-9733-f36dfc79e1de&fr=SRP%20View%20In%20New%20Tab,GoLang Developer,PT Intersolusi Teknologi Asia,"Bandung
IDR 4.500.000 - IDR 9.000.000
Ditayangkan pada 21-Sep-23","Responsibilities :
Designing and building for Web Application platform.
Ensuring the performance, quality, and responsiveness of applications.
Collaborating with a team to define, design, and ship new features.
Identifying and correcting bottlenecks and fix bugs.
Helping maintain code quality, organization, and automatization.
Writing clean, stable, documented and tested code.
Requirements :
At least 1 year experience in Go Programming Language.
Strong knowledge in Go Programming Language.
Having knowledge in OOP.
Strong knowledge in pointer and goroutine.
Good knowledge in Rest API
Familiar with MySQL and/or PostgreSQL and/or Oracle.
Familiar with Agile Methodology is a plus.
Must be able to work in a fast paced environment.",sql,-
https://www.jobstreet.co.id/id/job/software-developer-bandung-area-mille-business-solution-4475092?jobId=jobstreet-id-job-4475092&sectionRank=27&token=0~d8abf4bf-2ab3-4bde-9733-f36dfc79e1de&fr=SRP%20View%20In%20New%20Tab,Software Developer (Bandung Area) - Mille Business Solution,PT. LAKES KONSTELASI DATA,"Jawa Barat
IDR 3.500.000 - IDR 6.000.000
Ditayangkan pada 20-Sep-23","PT Lakes Konstelasi Data (Lakes) is a software company focusing on empowering businesses to participate and thrive in the modern landscape of the economy. We believe that every business’ success story comes from an in-depth business analysis relying on data. Lakes provides a broad range of products, services, and technologies, including Mille Business Solution application that helps businesses come up with decisions supported by Data Analytics and Artificial Intelligence. Visit our website at https://millehub.com to learn more about us.
Job Descriptions:
Write and test product or system development code.
Participate in, or lead design reviews with peers to decide amongst available technologies.
Review code developed by other developers and provide feedback to ensure best practices (style guidelines, checking code in, accuracy, testability, and efficiency).
Contribute to existing documentation or educational content and adapt content based on product/program updates and user feedback.
Triage product or system issues and debug/track/resolve by analyzing the sources of issues and the impact on hardware, network, or service operations and quality.
Job Requirements:
Candidates must possess at least a Diploma or a Bachelor's Degree in Computer Science/Information Technology.
Candidates has done software development in one or more programming languages, and with data structures/algorithms.
Good team work spirit.
Be responsible and proactive.
Maximum age of 35 years old.",-,-
https://www.jobstreet.co.id/id/job/junior-backend-engineer-1036985840?jobId=jobstreet-id-job-1036985840&sectionRank=28&token=0~d8abf4bf-2ab3-4bde-9733-f36dfc79e1de&fr=SRP%20View%20In%20New%20Tab,JUNIOR BACKEND ENGINEER,Formula Marketing Inovasi,"Bandung
Ditayangkan pada 19-Sep-23","Junior Backend Engineer Vacancy
PT FORMULA MARKETING INOVASI (************)
Job Description :
-Developing a highly-concurrent and distributed system
-Performance optimization and problem diagnosis
-Designing/Developing for high-availability
-Designing/Developing and testing new features
-Supporting release and documentation of developed features
-Estimating the effort required to develop and implement
-Help define coding standards and development processes
-Willing to learn & adapt different technologies
Skill required :
-Experienced on PHP, Yii
-Experience with SQL and NoSQL databases
-Strong Data Structures & Algorithms concepts
-Experience dealing with highly concurrent, distributed architectures/ systems
-Comfortable working in a *nix environment & using cli
-Ability to carefully break down the problem into small pieces
-Ability to effectively communicate problems and solutions to the different team members
-Be able to debug non-trivial application code
-Be able to write clear, concise source-code documentation, unit and integration tests.
-Be able to think beyond code to architecture and user experience
-Proficient with Git

Persyaratan minimum:
Tersedia jam fleksibel
Diperlukan 1 tahun pengalaman kerja yang relevan untuk posisi ini
Pelamar harus memiliki KTP
Tanggal mulai kerja: 01 October 2023
-",sql,-
https://www.jobstreet.co.id/id/job/rnd-senior-software-engineer-machine-vision-4468336?jobId=jobstreet-id-job-4468336&sectionRank=29&token=0~d8abf4bf-2ab3-4bde-9733-f36dfc79e1de&fr=SRP%20View%20In%20New%20Tab,RnD Senior Software Engineer - Machine Vision,PT Formulatrix Indonesia,"Beberapa lokasi kerja
IDR 15.000.000 - IDR 30.000.000
Ditayangkan pada 14-Sep-23","Headquartered in Dubai, United Arab Emirates, FORMULATRIX is a fast-growing robotic automation equipment manufacturer and software solutions provider to leading pharmaceutical companies and academic research institutions including major Fortune 500 and Fortune 100 companies. The company has aggressively grown because of our industry-recognized patented technology and superior software delivery services.
We are seeking a hands-on, top-notch Senior Software Engineer with a Machine Vision specialization. In this role, you'll be responsible for designing and developing software solutions for machine vision systems.
Job Description:
Design, develop, and improve robotic/machine vision systems software from the ground up.
Use research and development skills to create prototypes that solve challenging problems in machine vision and machine control.
Analyze challenges and propose options and timelines for resolving those challenges.
Collaborate with a global team of peers in software engineering, as well as those on the mechanical and electrical side, and implement solutions in a timely manner.
Provide our customers with great support and intuitive applications that turn complex engineering solutions into a simple user experience.
Stay abreast of new technologies in your field and adapt as needed.
Requirements:
Candidates must possess at least a Bachelor's Degree in Computer Science, Information Technology, Electronic Engineering, or equivalent professional experience in machine vision software development.
Have at least 2 years of experience in machine vision development, delivery, and post-implementation. Please showcase this in your resume and highlight the technology stack used.
Demonstrate good experience and best practice programming in C / C++ / C# / Java. Good fundamentals in OOP/OOAD are an advantage.
Demonstrate strong fundamentals in computer science: model-driven development, algorithms, and others.
Be committed to writing good quality and high-performance code in a limited resources machine (i.e. SingleBoard Computer).
Demonstrate good logical thinking as well as attention to detail.
Have a passion to build great solutions and impress both colleagues and customers.
Have a ""Can Do"" attitude and take pride in what you do.
Be proactive, highly motivated, and a strong team player with a good ability to multi-task and re-prioritize as necessary.
Possess good communication skills in English both oral and written.
Applicants must be willing to work in either Salatiga, Semarang, or Bandung.",-,-
https://www.jobstreet.co.id/id/job/data-analyst-4470118?jobId=jobstreet-id-job-4470118&sectionRank=30&token=0~d8abf4bf-2ab3-4bde-9733-f36dfc79e1de&fr=SRP%20View%20In%20New%20Tab,Data Analyst,PT NAF KARYA INDONESIA,"Bandung
Ditayangkan pada 14-Sep-23","Kualifikasi:
Pendidikan Minimal S1 Statistik/Matematika/Komputer/Ekonomi/sederajat
Memiliki pengalaman minimal 1 tahun
Memiliki analisa tinggi
Data-driven
Menguasai Microsoft Excel/Googlesheet
Memahami Data Analytical Tools & Data Visual Tools (menjadi nilai tambah)
Bersedia ditempatkan di Bandung
Deskripsi Pekerjaan:
Mengidentifikasi, menganalisa, menginterpretasi tren atau pola yang sedang berlangsung
Menganalisa dan mengimplementasikan solusi untuk mengembangkan perusahaan berdasarkan data
Aktif dalam menganalisa dan mengidentifikasi anomali
Menentukan metrik untuk mengevaluasi kondisi perusahaan
Merancang strategi pengembangan berdasarkan data yang sudah didapatkan","excel,analyst",-
https://www.jobstreet.co.id/id/job/kepala-bagian-it-programmer-4469939?jobId=jobstreet-id-job-4469939&sectionRank=31&token=0~22af45d7-4105-413b-8709-6a9c0a8c3218&fr=SRP%20View%20In%20New%20Tab,KEPALA BAGIAN IT PROGRAMMER,PT Suryamas Dutamakmur Tbk,"Jawa Barat
Ditayangkan pada 14-Sep-23","KUALIFIKASI :
Usia maks. 42 Tahun
 Pendidikan S1 / S2 Jurusan Teknik Informatika, Ilmu Komputer / Sistem informasi
Memiliki pengalaman programming ,Software Design, Software Debugging, Software Documentation, dan Software Testing minimal 5 tahun
Memahami Software Development Fundamentals, Software Develoment Process dan Software Requirements
Menguasai bahasa pemrogramam web / desktop berbasis java / PHP. NET serta pendukungnya seperti html, xml, javascript, scc, json,dan report generator seperti crystal report, power BI,Combit diutamakan menggunakan konsep MVC menggunakan framework
Mampu memanage DB server seperty Ms Sql, MySql
Menguasai konsep dan teknik interkoneksi antar sistem menggunakan web service / API
Mampu bekerja secara mandiri maupun dengan team.
Dapat bekerja melebihi jam kerja apabila diperlukan.",sql,-
https://www.jobstreet.co.id/id/job/devops-engineer-%5Bfreelance%5D-1037165235?jobId=jobstreet-id-job-1037165235&sectionRank=32&token=0~22af45d7-4105-413b-8709-6a9c0a8c3218&fr=SRP%20View%20In%20New%20Tab,DevOps Engineer [FREELANCE],PT. docheck bagi Indonesia,"Bandung
Ditayangkan pada 10-Oct-23","Job description & requirements
DevOps Engineer
Jobs Overview:
DoCheck is looking for DevOps Engineer that can help implementing CI/CD pipelines, cloud infrastructure, and automation tools.
Responsibilities:
Design, implement, and maintain efficient CI/CD pipelines for software development and deployment processes.
Collaborate with cross-functional teams to enhance system reliability, scalability, and security.
Automate infrastructure provisioning, configuration, and deployment using modern DevOps tools.
Monitor and analyze system performance, troubleshoot issues, and optimize infrastructure resources.
Ensure adherence to best practices and security guidelines for infrastructure and application deployments.
Collaborate with developers to streamline the development and release processes.
Participate in agile ceremonies and contribute to backlog grooming and story estimation.
Preferred Requirements:
2+ years of experience in a DevOps or similar role.
Proficiency in scripting and automation with tools like Bash, Python, or PowerShell.
Solid understanding of CI/CD Automation Pipeline with Jenkins and Github.
Experience with containerization with Docker.
Experience with cloud platforms AWS.
Strong problem-solving skills and an analytical mindset.
Excellent interpersonal and communication skills, with the ability to work collaboratively.
If you possess the above qualifications and are eager to solve the challenge in DoCheck, apply now we need as soon as possible. Thanks
Skills
DevOps
Cloud Computing
Automation
Culture
DoCheck is a platform to help young people and creative workers increase their productivity and self-development. 
We are currently developing product initiative that aim B2B that already have potential by government corporation (BUMN). 
We invite you to contribute to the product that will give something big impact to society.
At PT Docheck Bagi Indonesia, we are adapt agile scrum workflow with collaborative, driven, and fun environment.
Benefits and perks of working with us include:
Competitive salaries, Break bread, Sport agenda, Table Tennis, Onboarding Perks, Casually dressed, Laptop/PC can be provided.
-","python,excel",-
https://www.jobstreet.co.id/id/job/backend-engineer-1037048888?jobId=jobstreet-id-job-1037048888&sectionRank=33&token=0~22af45d7-4105-413b-8709-6a9c0a8c3218&fr=SRP%20View%20In%20New%20Tab,Backend Engineer,TurnkeyID,"Bandung
Ditayangkan pada 26-Sep-23","Job description & requirements
Job Responsibility :
Manage cutting-edge technologies to optimize application for maximum performance and scalability
Collaborate with multi-functional teams, third parties to serve the client needs
Participate in the entire application lifecycle, focusing on coding and debugging
Collaborate with developers, designers, and system administrators to identify and develop reliable new features
Give performance and great contribution to develop technical strategy, software and product development , and solve existing IT problem
Maintain data confidentiality and use sensitive information wisely
Solve real business problems into technical solutions
System integration with multiple platform
Job Tech Requirements :
Great understanding of TypeScript and Rust is a must.
Great understanding in another programming language is a plus.
A minimum of 3-5 years as Backend Developer.
Great understanding of General Database (SQL & No SQL Database especially MongoDB) .
Experience in either financial technology, financing, (or start up company) is a bonus
Capability on leadership, organizing documentations, problem solving and communication skills.
Ability to adapt and work in areas outside of your usual comfort zone Tech-savvy and sense of complete ownership of projects.
Able to take full responsibility of problems raise from your own mistake.
Has real ambition to grow and learn with other crew members.
Skills
Backend Development
MySQL
Problem Solving
Communication Skills
-",sql,-
https://www.jobstreet.co.id/id/job/it-programmer-1037013208?jobId=jobstreet-id-job-1037013208&sectionRank=34&token=0~22af45d7-4105-413b-8709-6a9c0a8c3218&fr=SRP%20View%20In%20New%20Tab,IT Programmer,PT Arkamaya,"Bandung
Ditayangkan pada 22-Sep-23","- Menulis kode program sesuai dengan Kebutuhan perancangan perangkat lunak, melakukan Program Test, Berkoordinasi dengan Team Leader dan Project manager

Keahlian :
- Diutamakan Menguasai Bahasa Program .Net
- Menguasai ASP.NET MVC Programming dan Microsoft SQL Server Database
-",sql,-
https://www.jobstreet.co.id/id/job/trainer-freelance-1036936381?jobId=jobstreet-id-job-1036936381&sectionRank=35&token=0~22af45d7-4105-413b-8709-6a9c0a8c3218&fr=SRP%20View%20In%20New%20Tab,Trainer Freelance,PT Belogix Indonesia,"Jawa Barat
Ditayangkan pada 13-Sep-23","Tugas dan Tanggung Jawab:
1.       Bertanggung jawab untuk mengajar peserta training.
2.       Membuat, mengembangkan, meng-update materi training.
3.       Menyiapkan dan mengelola kelas.
4.       Membuat laporan training, yang berisi perkembangan dan kemajuan peserta, mengembangkan hubungan dengan dan di antara peserta, memberikan pembelajaran yang optimal, menjaga lingkungan kelas yang menarik dan menyenangkan.
5.       Memberikan penilaian/evaluasi  training.
6.       Mengikuti trend teknologi dan pengetahuan serta bersedia belajar ilmu baru dan senantiasa meningkatkan kemampuan diri.
Kualifikasi :
• Usia max. 30 tahun
• Lulusan D3/S1 jurusan Teknik/Ilmu Data/Ilmu Komputer/Teknologi Informasi
• IPK minimal > 3.00
• Pengalaman mengajar/pelatihan minimal 1 tahun, onsite/online.
• Suka belajar, mengajar dan membuat modul.
• Menguasai materi yang diajarkan.
• Lebih disukai memiliki sertifikat internasional.
• Fasih menggunakan Zoom/Google Meet/Ms Teams
• Fasih berbahasa Inggris.
• Bersedia dikontrak berdasarkan proyek (freelance).
Kemampuan Mengajar materi: (boleh salah satu atau beberapa): - Artificial Intelligence (AI) - Cloud Computing (AWS, Google Cloud, dll) - Python - Statistik - Database - Programming/Software Development - Project/IT Management - Security/Information Security - Operating System Windows/Linux - PC Hardware/Networking - Video/audio Editing - ERP/CRM - Manajemen HRD, Finance, Operasional, Bisnis, Investasi - dll

Persyaratan minimum:
Tersedia jam fleksibel
Diperlukan 1 tahun pengalaman kerja yang relevan untuk posisi ini
Pelamar harus memiliki KTP
-","python,intern",-
https://www.jobstreet.co.id/id/job/senior-backend-engineer-1036936711?jobId=jobstreet-id-job-1036936711&sectionRank=36&token=0~22af45d7-4105-413b-8709-6a9c0a8c3218&fr=SRP%20View%20In%20New%20Tab,Senior Backend Engineer,TurnkeyID,"Bandung
Ditayangkan pada 13-Sep-23","Job description & requirements
Job Responsibility :
Manage cutting-edge technologies to optimize application for maximum performance and scalability
Collaborate with multi-functional teams, third parties to serve the client needs
Participate in the entire application lifecycle, focusing on coding and debugging
Collaborate with developers, designers, and system administrators to identify and develop reliable new features
Give performance and great contribution to develop technical strategy, software and product development , and solve existing IT problem
Maintain data confidentiality and use sensitive information wisely
Solve real business problems into technical solutions
System integration with multiple platform
Job Tech Requirements :
Great understanding of TypeScript and Rust is a must.
Great understanding in another programming language is a plus.
A minimum of 3-5 years as Backend Developer.
Great understanding of General Database (SQL & No SQL Database especially MongoDB) .
Experience in either financial technology, financing, (or start up company) is a bonus
Capability on leadership, organizing documentations, problem solving and communication skills.
Ability to adapt and work in areas outside of your usual comfort zone Tech-savvy and sense of complete ownership of projects.
Able to take full responsibility of problems raise from your own mistake.
Has real ambition to grow and learn with other crew members.
Skills
Backend Development
MySQL
Problem Solving
Communication Skills
Culture
At Turnkey Group, we are driven, energetic, fast paced, innovative and passionate.
Benefits and perks of working with us include:
Compensation: Competitive salaries, insurance 
Progression: Professional development
Turnkey Group is a the powerhouse behind two innovative subsidiaries: TurnkeyID and Portofolio Indonesia that are committed to empowering the derivative trading landscape in financial industry who always look for ""what next"" in the game. We put heart and passion in our work and determined to disrupt the landscape of how things work in modern financial ecosystem.
Anyone who work for Turnkey Group will not be selling their labor to distant and disinterested stakeholders (as most company works), but instead will taste the fruit of their labor fair and directly.
Want to know a bit about our work culture? Follow our instagram at @lifeatturnkey 
-",sql,-
